prediction_text,direction,tickers,asset_class,topic,time_horizon,confidence_score,original_text,post_id,post_title,post_score,post_created_utc,post_created_dt,post_url,post_flair,price_changes,evaluation_dt,avg_pct_change,outcome,outcome_reason
LMT will hit $600 by end of Q1 2026 due to increased defense budgets,bullish,['LMT'],stock,war,months,0.82,LMT will hit $600 by end of Q1 2026,demo001,Defense stocks going to moon,4200,1765950741.845785,2025-12-17T05:52:21.845801+00:00,https://reddit.com/r/wallstreetbets/demo001,DD,{'LMT': 2.87},2026-02-15T05:52:21.845785+00:00,2.87,partial,Assets rose only +2.9% (weak move)
RTX should clear $135 driven by NATO spending commitments,bullish,['RTX'],stock,war,months,0.78,RTX should easily clear $135,demo001,Defense stocks going to moon,4200,1765950741.845813,2025-12-17T05:52:21.845815+00:00,https://reddit.com/r/wallstreetbets/demo001,DD,{'RTX': 3.97},2026-02-15T05:52:21.845813+00:00,3.97,correct,Assets rose +4.0% (moderate bull move)
TSM will collapse 40-50% if China blockades Taiwan,bearish,['TSM'],stock,war,months,0.65,If China blockades Taiwan TSM will collapse 40-50%,demo002,China Taiwan conflict craters tech,2800,1767073941.845819,2025-12-30T05:52:21.845820+00:00,https://reddit.com/r/wallstreetbets/demo002,Discussion,{'TSM': -4.79},2026-02-28T05:52:21.845819+00:00,-4.79,correct,Assets fell -4.8% (moderate bear move)
Gold (GLD) will rise as safe haven from geopolitical tensions,bullish,['GLD'],commodity,war,months,0.72,Also long UUP (dollar) and GLD as safe havens,demo002,China Taiwan conflict craters tech,2800,1767073941.845823,2025-12-30T05:52:21.845824+00:00,https://reddit.com/r/wallstreetbets/demo002,Discussion,{'GLD': 9.62},2026-02-28T05:52:21.845823+00:00,9.62,correct,Assets rose +9.6% (moderate bull move)
NVDA will beat EPS estimates by 15% and hit $200 by end of Q1 2026,bullish,['NVDA'],stock,ai,months,0.88,NVDA will beat EPS estimates by at least 15%. Price target: $200 by end of Q1 2026,demo003,NVDA earnings blowout $200 before March,8900,1765086741.845827,2025-12-07T05:52:21.845828+00:00,https://reddit.com/r/wallstreetbets/demo003,YOLO,{'NVDA': -14.08},2026-02-05T05:52:21.845827+00:00,-14.08,incorrect,Assets fell -14.1% (against bull prediction)
NVDA will crash to $80 as AI bubble pops and DeepSeek disrupts demand,bearish,['NVDA'],stock,ai,months,0.71,NVDA $80 by summer 2026,demo004,AI bubble popping NVDA to $80,1200,1768110741.845831,2026-01-11T05:52:21.845832+00:00,https://reddit.com/r/wallstreetbets/demo004,Discussion,{},2026-03-12T05:52:21.845831+00:00,,inconclusive,Horizon (months) not yet elapsed
QQQ will sell off as AI bubble deflates,bearish,['QQQ'],index,ai,months,0.66,QQQ puts too,demo004,AI bubble popping NVDA to $80,1200,1768110741.845835,2026-01-11T05:52:21.845836+00:00,https://reddit.com/r/wallstreetbets/demo004,Discussion,{},2026-03-12T05:52:21.845835+00:00,,inconclusive,Horizon (months) not yet elapsed
MSFT will reach $550 driven by Copilot adoption and Azure AI growth,bullish,['MSFT'],stock,ai,year+,0.79,PT $550 by end of 2026,demo005,MSFT to $550 Copilot AI revenue,3400,1768974741.84584,2026-01-21T05:52:21.845842+00:00,https://reddit.com/r/wallstreetbets/demo005,DD,{},2026-04-21T05:52:21.845840+00:00,,inconclusive,Horizon (year+) not yet elapsed
AMD will reach $250 as MI300X GPU takes AI market share from NVDA,bullish,['AMD'],stock,ai,months,0.74,PT $250 by Q3 2026,demo014,AMD will catch up to NVDA $250 PT,2900,1768283541.845845,2026-01-13T05:52:21.845847+00:00,https://reddit.com/r/wallstreetbets/demo014,DD,{},2026-03-14T05:52:21.845845+00:00,,inconclusive,Horizon (months) not yet elapsed
TLT will rise to $100 as Fed cuts rates 3x in 2026,bullish,['TLT'],index,fed_rates,months,0.75,Rates will drop 75bps by June 2026. TLT goes from $87 to $100,demo006,Fed will cut rates 3x 2026 TLT to $100,2100,1766382741.84585,2025-12-22T05:52:21.845851+00:00,https://reddit.com/r/wallstreetbets/demo006,DD,{'TLT': -3.39},2026-02-20T05:52:21.845850+00:00,-3.39,incorrect,Assets fell -3.4% (against bull prediction)
GLD will rise as Fed rate cuts weaken dollar and boost gold,bullish,['GLD'],commodity,fed_rates,months,0.77,Also long gold - rate cuts are bullish for GLD,demo006,Fed will cut rates 3x 2026,2100,1766382741.845854,2025-12-22T05:52:21.845855+00:00,https://reddit.com/r/wallstreetbets/demo006,DD,{'GLD': 9.62},2026-02-20T05:52:21.845854+00:00,9.62,correct,Assets rose +9.6% (moderate bull move)
SPY will pull back 15-20% as inflation reignites and Fed holds or hikes,bearish,['SPY'],index,fed_rates,months,0.69,SPY will pull back 15-20% from here,demo007,Inflation reigniting Fed will RAISE rates SPY puts,1800,1767678741.845858,2026-01-06T05:52:21.845859+00:00,https://reddit.com/r/wallstreetbets/demo007,Discussion,{},2026-03-07T05:52:21.845858+00:00,,inconclusive,Horizon (months) not yet elapsed
"BTC will reach $200k by March 2026 driven by halving, ETF inflows, and crypto-friendly administration",bullish,['BTC-USD'],crypto,crypto,months,0.85,BTC is going to $200k minimum,demo008,Bitcoin to $200k by March 2026,12000,1765518741.845861,2025-12-12T05:52:21.845862+00:00,https://reddit.com/r/wallstreetbets/demo008,YOLO,{'BTC-USD': -9.28},2026-02-10T05:52:21.845861+00:00,-9.28,incorrect,Assets fell -9.3% (against bull prediction)
ETH will reach $8k in the current bull cycle,bullish,['ETH-USD'],crypto,crypto,months,0.76,ETH to $8k,demo008,Bitcoin to $200k by March 2026,12000,1765518741.845865,2025-12-12T05:52:21.845866+00:00,https://reddit.com/r/wallstreetbets/demo008,YOLO,{'ETH-USD': -20.0},2026-02-10T05:52:21.845865+00:00,-20.0,incorrect,Assets fell -20.0% (against bull prediction)
COIN will reach $500 as crypto bull market continues,bullish,['COIN'],stock,crypto,months,0.73,COIN to $500,demo008,Bitcoin to $200k by March 2026,12000,1765518741.845869,2025-12-12T05:52:21.845870+00:00,https://reddit.com/r/wallstreetbets/demo008,YOLO,{'COIN': -8.82},2026-02-10T05:52:21.845869+00:00,-8.82,incorrect,Assets fell -8.8% (against bull prediction)
"BTC will retrace to $40k-50k, ETH to $1500 as cycle tops",bearish,"['BTC-USD', 'ETH-USD']",crypto,crypto,months,0.67,BTC will retrace to $40k-50k. ETH to $1500,demo009,Crypto crash incoming BTC to $40k,980,1768542741.845873,2026-01-16T05:52:21.845874+00:00,https://reddit.com/r/wallstreetbets/demo009,Discussion,{},2026-03-17T05:52:21.845873+00:00,,inconclusive,Horizon (months) not yet elapsed
SPY will reach $700 (S&P 7000) by March 2026 in goldilocks soft landing,bullish,['SPY'],index,market,months,0.81,SPY to $700 (7000 on S&P) by March 2026,demo010,S&P 500 to 7000 by end of Q1 2026,5600,1766814741.845877,2025-12-27T05:52:21.845878+00:00,https://reddit.com/r/wallstreetbets/demo010,DD,{'SPY': -4.52},2026-02-25T05:52:21.845877+00:00,-4.52,incorrect,Assets fell -4.5% (against bull prediction)
QQQ will reach $550 as tech leads the soft landing rally,bullish,['QQQ'],index,market,months,0.78,QQQ to $550,demo010,S&P 500 to 7000 by end of Q1 2026,5600,1766814741.845881,2025-12-27T05:52:21.845882+00:00,https://reddit.com/r/wallstreetbets/demo010,DD,{'QQQ': -6.2},2026-02-25T05:52:21.845881+00:00,-6.2,incorrect,Assets fell -6.2% (against bull prediction)
Market will crash 30% — Buffett cash + CAPE at 37 + credit delinquencies signal top,bearish,['SPY'],index,market,year+,0.7,"I'm 50% cash, buying OTM SPY puts for June 2026",demo011,Market crash 30% incoming Buffett cash,3200,1767419541.845885,2026-01-03T05:52:21.845886+00:00,https://reddit.com/r/wallstreetbets/demo011,Discussion,{},2026-04-03T05:52:21.845885+00:00,,inconclusive,Horizon (year+) not yet elapsed
XOM will reach $130 as oil rises to $100/barrel on OPEC cuts,bullish,['XOM'],stock,energy,months,0.73,"XOM to $130, CVX to $175",demo012,Oil to $100 XOM CVX to moon,1900,1766209941.845888,2025-12-20T05:52:21.845889+00:00,https://reddit.com/r/wallstreetbets/demo012,DD,{'XOM': -3.7},2026-02-18T05:52:21.845888+00:00,-3.7,incorrect,Assets fell -3.7% (against bull prediction)
CVX will reach $175 as OPEC production cuts keep oil above $90,bullish,['CVX'],stock,energy,months,0.71,CVX to $175,demo012,Oil to $100 XOM CVX to moon,1900,1766209941.845892,2025-12-20T05:52:21.845893+00:00,https://reddit.com/r/wallstreetbets/demo012,DD,{'CVX': -3.38},2026-02-18T05:52:21.845892+00:00,-3.38,incorrect,Assets fell -3.4% (against bull prediction)
TSLA will reach $500 driven by robotaxi launch and Optimus robot revenue,bullish,['TSLA'],stock,tech,year+,0.77,TSLA will be a $2T company again. $500 price target by year end,demo013,TSLA to $500 FSD robotaxi launch,6700,1769406741.845895,2026-01-26T05:52:21.845896+00:00,https://reddit.com/r/wallstreetbets/demo013,DD,{},2026-04-26T05:52:21.845895+00:00,,inconclusive,Horizon (year+) not yet elapsed
META will reach $1000 as AI ad targeting lifts CPM 30% and Ray-Ban AR goes mainstream,bullish,['META'],stock,tech,year+,0.76,I see $1000 by end of 2026,demo015,META to $1000 AI ads Llama 4,4100,1769838741.845899,2026-01-31T05:52:21.845900+00:00,https://reddit.com/r/wallstreetbets/demo015,DD,{},2026-05-01T05:52:21.845899+00:00,,inconclusive,Horizon (year+) not yet elapsed
